./data/non_comm_use.A-B.xml/Acta_Crystallogr_F_Struct_Biol_Commun/Acta_Crystallogr_F_Struct_Biol_Commun_2015_May_27_71(Pt_6)_804.nxml,retraction
./data/non_comm_use.A-B.xml/Acta_Crystallogr_Sect_E_Struct_Rep_Online/Acta_Crystallogr_Sect_E_Struct_Rep_Online_2008_Oct_9_64(Pt_11)_e28.nxml,retraction
./data/non_comm_use.A-B.xml/Acta_Crystallogr_Sect_E_Struct_Rep_Online/Acta_Crystallogr_Sect_E_Struct_Rep_Online_2008_Oct_9_64(Pt_11)_e29.nxml,retraction
./data/non_comm_use.A-B.xml/Acta_Crystallogr_Sect_E_Struct_Rep_Online/Acta_Crystallogr_Sect_E_Struct_Rep_Online_2009_Dec_19_66(Pt_1)_e11-e12.nxml,retraction
./data/non_comm_use.A-B.xml/Acta_Crystallogr_Sect_E_Struct_Rep_Online/Acta_Crystallogr_Sect_E_Struct_Rep_Online_2009_Dec_19_66(Pt_1)_e13-e14.nxml,retraction
./data/non_comm_use.A-B.xml/Acta_Crystallogr_Sect_E_Struct_Rep_Online/Acta_Crystallogr_Sect_E_Struct_Rep_Online_2010_Mar_17_66(Pt_4)_e21-e22.nxml,retraction
./data/non_comm_use.A-B.xml/Acta_Crystallogr_Sect_E_Struct_Rep_Online/Acta_Crystallogr_Sect_E_Struct_Rep_Online_2011_Feb_12_67(Pt_3)_e14.nxml,retraction
./data/non_comm_use.A-B.xml/Acta_Crystallogr_Sect_E_Struct_Rep_Online/Acta_Crystallogr_Sect_E_Struct_Rep_Online_2011_Sep_14_67(Pt_10)_e16.nxml,retraction
./data/non_comm_use.A-B.xml/Acta_Crystallogr_Sect_E_Struct_Rep_Online/Acta_Crystallogr_Sect_E_Struct_Rep_Online_2012_Jun_13_68(Pt_7)_e14-e15.nxml,retraction
./data/non_comm_use.A-B.xml/Acta_Crystallogr_Sect_E_Struct_Rep_Online/Acta_Crystallogr_Sect_E_Struct_Rep_Online_2012_Mar_31_68(Pt_4)_e10-e11.nxml,retraction
./data/non_comm_use.A-B.xml/Acta_Crystallogr_Sect_E_Struct_Rep_Online/Acta_Crystallogr_Sect_E_Struct_Rep_Online_2012_May_26_68(Pt_6)_e13.nxml,retraction
./data/non_comm_use.A-B.xml/Acta_Myol/Acta_Myol_2014_Oct_33(2)_117.nxml,retraction
./data/non_comm_use.A-B.xml/Adv_Hematol/Adv_Hematol_2016_Mar_24_2016_9742148.nxml,retraction
./data/non_comm_use.A-B.xml/Adv_Med_Educ_Pract/Adv_Med_Educ_Pract_2014_May_22_5_157.nxml,retraction
./data/non_comm_use.A-B.xml/Adv_Prev_Med/Adv_Prev_Med_2014_Dec_29_2014_890248.nxml,retraction
./data/non_comm_use.A-B.xml/Adv_Urol/Adv_Urol_2016_Feb_1_2016_9495202.nxml,retraction
./data/non_comm_use.A-B.xml/AIDS_Care/AIDS_Care_2013_May_8_25(6)_79322.nxml,retraction
./data/non_comm_use.A-B.xml/Anc_Sci_Life/Anc_Sci_Life_2016_Jan-Mar_35(3)_189.nxml,retraction
./data/non_comm_use.A-B.xml/Anc_Sci_Life/Anc_Sci_Life_2016_Jan-Mar_35(3)_190.nxml,retraction
./data/non_comm_use.A-B.xml/Anc_Sci_Life/Anc_Sci_Life_2016_Jan-Mar_35(3)_191.nxml,retraction
./data/non_comm_use.A-B.xml/Anesth_Essays_Res/Anesth_Essays_Res_2016_Jan-Apr_10(1)_161.nxml,retraction
./data/non_comm_use.A-B.xml/Ann_Dermatol/Ann_Dermatol_2012_May_26_24(2)_242.nxml,retraction
./data/non_comm_use.A-B.xml/Ann_Indian_Acad_Neurol/Ann_Indian_Acad_Neurol_2015_Jul-Sep_18(3)_367.nxml,retraction
./data/non_comm_use.A-B.xml/Ann_Med_Health_Sci_Res/Ann_Med_Health_Sci_Res_2014_Sep-Oct_4(Suppl_3)_S335.nxml,retraction
./data/non_comm_use.A-B.xml/Ann_Pediatr_Endocrinol_Metab/Ann_Pediatr_Endocrinol_Metab_2016_Sep_30_21(3)_179.nxml,retraction
./data/non_comm_use.A-B.xml/Ann_Rheum_Dis/Ann_Rheum_Dis_2009_Jul_68(7)_1170.nxml,retraction
./data/non_comm_use.A-B.xml/Arch_Trauma_Res/Arch_Trauma_Res_2015_Mar_7_4(1)_e28500.nxml,retraction
./data/non_comm_use.A-B.xml/ARYA_Atheroscler/ARYA_Atheroscler_2015_Jul_11(4)_263.nxml,retraction
./data/non_comm_use.A-B.xml/Asian_Spine_J/Asian_Spine_J_2010_Jun_17_4(1)_64.nxml,retraction
./data/non_comm_use.A-B.xml/Asian_Spine_J/Asian_Spine_J_2016_Apr_15_10(2)_406.nxml,retraction
./data/non_comm_use.A-B.xml/Avicenna_J_Med_Biotechnol/Avicenna_J_Med_Biotechnol_2013_Oct-Dec_5(4)_257.nxml,retraction
./data/non_comm_use.A-B.xml/Biochem_J/Biochem_J_2009_Feb_1_417(Pt_3)_813.nxml,retraction
./data/non_comm_use.A-B.xml/Biochem_J/Biochem_J_2011_Mar_15_434(Pt_3)_571.nxml,retraction
./data/non_comm_use.A-B.xml/Biochem_J/Biochem_J_2014_Jul_15_461(Pt_2)_347.nxml,retraction
./data/non_comm_use.A-B.xml/Biochem_J/Biochem_J_2016_Apr_15_473(8)_1111.nxml,retraction
./data/non_comm_use.A-B.xml/Biochem_Med_(Zagreb)/Biochem_Med_(Zagreb)_2012_Jun_15_22(2)_259.nxml,retraction
./data/non_comm_use.A-B.xml/Bioinformation/Bioinformation_2013_Dec_27_9(20)_1044.nxml,retraction
./data/non_comm_use.A-B.xml/Bioinformation/Bioinformation_2015_Nov_30_11(11)_515.nxml,retraction
./data/non_comm_use.A-B.xml/Bioinformation/Bioinformation_2015_Nov_30_11(11)_516.nxml,retraction
./data/non_comm_use.A-B.xml/Biologics/Biologics_2014_Jan_31_8_39.nxml,retraction
./data/non_comm_use.A-B.xml/Biomed_Res_Int/Biomed_Res_Int_2014_Apr_29_2014_308263.nxml,retraction
./data/non_comm_use.A-B.xml/Biomed_Res_Int/Biomed_Res_Int_2014_May_26_2014_965213.nxml,retraction
./data/non_comm_use.A-B.xml/Biomed_Res_Int/Biomed_Res_Int_2014_May_8_2014_571984.nxml,retraction
./data/non_comm_use.A-B.xml/Biomed_Res_Int/Biomed_Res_Int_2015_Feb_22_2015_793974.nxml,retraction
./data/non_comm_use.A-B.xml/Biomed_Res_Int/Biomed_Res_Int_2015_Jun_2_2015_457504.nxml,retraction
./data/non_comm_use.A-B.xml/Biomed_Res_Int/Biomed_Res_Int_2016_Apr_7_2016_7147584.nxml,retraction
./data/non_comm_use.A-B.xml/Biomed_Res_Int/Biomed_Res_Int_2016_Mar_31_2016_2514067.nxml,retraction
./data/non_comm_use.A-B.xml/Biomed_Res_Int/Biomed_Res_Int_2016_Sep_1_2016_4938464.nxml,retraction
./data/non_comm_use.A-B.xml/Biomed_Res_Int/Biomed_Res_Int_2016_Sep_1_2016_5705968.nxml,retraction
./data/non_comm_use.A-B.xml/Br_J_Cancer/Br_J_Cancer_2011_Jan_4_104(1)_227.nxml,retraction
./data/non_comm_use.A-B.xml/Br_J_Cancer/Br_J_Cancer_2012_Dec_4_107(12)_2024.nxml,retraction
./data/non_comm_use.A-B.xml/Br_J_Cancer/Br_J_Cancer_2013_Dec_10_109(12)_3132.nxml,retraction
./data/non_comm_use.A-B.xml/Br_J_Cancer/Br_J_Cancer_2013_Feb_19_108(3)_744.nxml,retraction
./data/non_comm_use.A-B.xml/Br_J_Cancer/Br_J_Cancer_2014_Jun_10_110(12)_2996.nxml,retraction
./data/non_comm_use.A-B.xml/Br_J_Ophthalmol/Br_J_Ophthalmol_2011_Apr_95(4)_595.nxml,retraction
./data/non_comm_use.A-B.xml/Br_J_Ophthalmol/Br_J_Ophthalmol_2016_Jan_100(1)_150.nxml,retraction
./data/non_comm_use.A-B.xml/Breast_Cancer_Res/Breast_Cancer_Res_2012_Oct_31_14(5)_402.nxml,retraction
./data/non_comm_use.C-H.xml/Cancer_Imaging/Cancer_Imaging_2007_Jan_17_7(1)_1b.nxml,retraction
./data/non_comm_use.C-H.xml/Cancer_Sci/Cancer_Sci_2015_Jan_23_106(1)_125.nxml,retraction
./data/non_comm_use.C-H.xml/Case_Rep_Crit_Care/Case_Rep_Crit_Care_2016_Mar_15_2016_2057806.nxml,retraction
./data/non_comm_use.C-H.xml/Case_Rep_Dent/Case_Rep_Dent_2014_Aug_25_2014_382142.nxml,retraction
./data/non_comm_use.C-H.xml/Case_Rep_Dent/Case_Rep_Dent_2014_Oct_21_2014_609802.nxml,retraction
./data/non_comm_use.C-H.xml/Case_Rep_Med/Case_Rep_Med_2013_Oct_24_2013_467654.nxml,retraction
./data/non_comm_use.C-H.xml/Case_Rep_Med/Case_Rep_Med_2014_Sep_3_2014_942352.nxml,retraction
./data/non_comm_use.C-H.xml/Case_Rep_Nephrol/Case_Rep_Nephrol_2015_Feb_26_2015_369087.nxml,retraction
./data/non_comm_use.C-H.xml/Case_Rep_Obstet_Gynecol/Case_Rep_Obstet_Gynecol_2014_Aug_3_2014_674953.nxml,retraction
./data/non_comm_use.C-H.xml/Case_Rep_Obstet_Gynecol/Case_Rep_Obstet_Gynecol_2016_Apr_28_2016_4363897.nxml,retraction
./data/non_comm_use.C-H.xml/Case_Rep_Psychiatry/Case_Rep_Psychiatry_2016_Sep_18_2016_9802939.nxml,retraction
./data/non_comm_use.C-H.xml/Case_Rep_Radiol/Case_Rep_Radiol_2016_Mar_24_2016_1208982.nxml,retraction
./data/non_comm_use.C-H.xml/Case_Rep_Rheumatol/Case_Rep_Rheumatol_2014_Aug_28_2014_341304.nxml,retraction
./data/non_comm_use.C-H.xml/Case_Rep_Surg/Case_Rep_Surg_2015_Oct_21_2015_714196.nxml,retraction
./data/non_comm_use.C-H.xml/Case_Rep_Surg/Case_Rep_Surg_2016_Jan_20_2016_8739489.nxml,retraction
./data/non_comm_use.C-H.xml/Cell_Cycle/Cell_Cycle_2014_Jul_15_13(14)_2312.nxml,retraction
./data/non_comm_use.C-H.xml/Cell_Death_Dis/Cell_Death_Dis_2012_Aug_9_3(8)_e368.nxml,retraction
./data/non_comm_use.C-H.xml/Cell_Death_Dis/Cell_Death_Dis_2014_May_1_5(5)_e1206.nxml,retraction
./data/non_comm_use.C-H.xml/Cell_Mol_Life_Sci/Cell_Mol_Life_Sci_2016_Dec_9_73_1117.nxml,retraction
./data/non_comm_use.C-H.xml/Chin_Med_J_(Engl)/Chin_Med_J_(Engl)_2015_Dec_5_128(23)_3263.nxml,retraction
./data/non_comm_use.C-H.xml/Clin_Endosc/Clin_Endosc_2012_Mar_31_45(1)_108.nxml,retraction
./data/non_comm_use.C-H.xml/Clin_Endosc/Clin_Endosc_2015_Jan_31_48(1)_87.nxml,retraction
./data/non_comm_use.C-H.xml/Clin_Exp_Otorhinolaryngol/Clin_Exp_Otorhinolaryngol_2016_Dec_9_9(4)_387.nxml,retraction
./data/non_comm_use.C-H.xml/Clin_Ophthalmol/Clin_Ophthalmol_2015_Jun_26_9_1135.nxml,retraction
./data/non_comm_use.C-H.xml/Clinics_(Sao_Paulo)/Clinics_(Sao_Paulo)_2013_Oct_68(10)_1382.nxml,retraction
./data/non_comm_use.C-H.xml/Clinics_(Sao_Paulo)/Clinics_(Sao_Paulo)_2013_Oct_68(10)_1383.nxml,retraction
./data/non_comm_use.C-H.xml/Comput_Math_Methods_Med/Comput_Math_Methods_Med_2014_Mar_10_2014_836280.nxml,retraction
./data/non_comm_use.C-H.xml/Contemp_Clin_Dent/Contemp_Clin_Dent_2012_Oct-Dec_3(4)_392.nxml,retraction
./data/non_comm_use.C-H.xml/Contemp_Clin_Dent/Contemp_Clin_Dent_2013_Jul-Sep_4(3)_396.nxml,retraction
./data/non_comm_use.C-H.xml/Contemp_Clin_Dent/Contemp_Clin_Dent_2014_Apr-Jun_5(2)_169.nxml,retraction
./data/non_comm_use.C-H.xml/Contemp_Clin_Dent/Contemp_Clin_Dent_2015_Jul-Sep_6(3)_437.nxml,retraction
./data/non_comm_use.C-H.xml/Contemp_Clin_Dent/Contemp_Clin_Dent_2016_Jan-Mar_7(1)_124.nxml,retraction
./data/non_comm_use.C-H.xml/Contemp_Clin_Dent/Contemp_Clin_Dent_2016_Jan-Mar_7(1)_125.nxml,retraction
./data/non_comm_use.C-H.xml/Dent_Res_J_(Isfahan)/Dent_Res_J_(Isfahan)_2014_May-Jun_11(3)_308.nxml,retraction
./data/non_comm_use.C-H.xml/Dent_Res_J_(Isfahan)/Dent_Res_J_(Isfahan)_2015_Sep-Oct_12(5)_498.nxml,retraction
./data/non_comm_use.C-H.xml/Diabetes/Diabetes_2011_May_23_60(5)_1645.nxml,retraction
./data/non_comm_use.C-H.xml/Diabetes/Diabetes_2013_Mar_14_62(3)_998.nxml,retraction
./data/non_comm_use.C-H.xml/Diabetes/Diabetes_2014_May_12_63(5)_18172.nxml,retraction
./data/non_comm_use.C-H.xml/Diabetes_Care/Diabetes_Care_2011_Sep_19_34(9)_2138.nxml,retraction
./data/non_comm_use.C-H.xml/Diabetes_Care/Diabetes_Care_2012_Feb_16_35(2)_456.nxml,retraction
./data/non_comm_use.C-H.xml/Dis_Markers/Dis_Markers_2015_Jun_17_2015_496928.nxml,retraction
./data/non_comm_use.C-H.xml/Drug_Des_Devel_Ther/Drug_Des_Devel_Ther_2013_Nov_21_7_1385.nxml,retraction
./data/non_comm_use.C-H.xml/Drug_Des_Devel_Ther/Drug_Des_Devel_Ther_2014_Jul_8_8_921.nxml,retraction
./data/non_comm_use.C-H.xml/Emerg_Infect_Dis/Emerg_Infect_Dis_2013_Jan_19(1)_181.nxml,retraction
./data/non_comm_use.C-H.xml/Eur_J_Med_Res/Eur_J_Med_Res_2011_Oct_10_16(10)_II.nxml,retraction
./data/non_comm_use.C-H.xml/Evid_Based_Complement_Alternat_Med/Evid_Based_Complement_Alternat_Med_2014_Jul_2_2014_605304.nxml,retraction
./data/non_comm_use.C-H.xml/Evid_Based_Complement_Alternat_Med/Evid_Based_Complement_Alternat_Med_2016_Mar_31_2016_9676590.nxml,retraction
./data/non_comm_use.C-H.xml/Evid_Based_Complement_Alternat_Med/Evid_Based_Complement_Alternat_Med_2016_Oct_12_2016_9362978.nxml,retraction
./data/non_comm_use.C-H.xml/Evid_Based_Complement_Alternat_Med/Evid_Based_Complement_Alternat_Med_2016_Sep_15_2016_4142104.nxml,retraction
./data/non_comm_use.C-H.xml/Exp_Anim/Exp_Anim_2015_Oct_23_64(4)_r1.nxml,retraction
./data/non_comm_use.C-H.xml/Front_Neurosci/Front_Neurosci_2012_May_1_6_52.nxml,retraction
./data/non_comm_use.C-H.xml/Genome_Biol_Evol/Genome_Biol_Evol_2014_May_30_6(5)_1253.nxml,retraction
./data/non_comm_use.C-H.xml/Genomics_Inform/Genomics_Inform_2013_Jun_30_11(2)_97.nxml,retraction
./data/non_comm_use.I-N.xml/Immune_Netw/Immune_Netw_2011_Oct_31_11(5)_307.nxml,retraction
./data/non_comm_use.I-N.xml/Indian_Dermatol_Online_J/Indian_Dermatol_Online_J_2016_Sep-Oct_7(5)_459.nxml,retraction
./data/non_comm_use.I-N.xml/Indian_J_Community_Med/Indian_J_Community_Med_2016_Jan-Mar_41(1)_77.nxml,retraction
./data/non_comm_use.I-N.xml/Indian_J_Community_Med/Indian_J_Community_Med_2016_Jan-Mar_41(1)_78.nxml,retraction
./data/non_comm_use.I-N.xml/Indian_J_Community_Med/Indian_J_Community_Med_2016_Jan-Mar_41(1)_79.nxml,retraction
./data/non_comm_use.I-N.xml/Indian_J_Crit_Care_Med/Indian_J_Crit_Care_Med_2012_Jul-Sep_16(3)_135.nxml,retraction
./data/non_comm_use.I-N.xml/Indian_J_Crit_Care_Med/Indian_J_Crit_Care_Med_2015_Jul_19(7)_438.nxml,retraction
./data/non_comm_use.I-N.xml/Indian_J_Crit_Care_Med/Indian_J_Crit_Care_Med_2015_Oct_19(10)_627.nxml,retraction
./data/non_comm_use.I-N.xml/Indian_J_Crit_Care_Med/Indian_J_Crit_Care_Med_2016_Mar_20(3)_202.nxml,retraction
./data/non_comm_use.I-N.xml/Indian_J_Dermatol/Indian_J_Dermatol_2011_Mar-Apr_56(2)_144.nxml,retraction
./data/non_comm_use.I-N.xml/Indian_J_Dermatol/Indian_J_Dermatol_2012_Jan-Feb_57(1)_I.nxml,retraction
./data/non_comm_use.I-N.xml/Indian_J_Dermatol/Indian_J_Dermatol_2012_Jul-Aug_57(4)_293.nxml,retraction
./data/non_comm_use.I-N.xml/Indian_J_Dermatol/Indian_J_Dermatol_2013_Jul-Aug_58(4)_298.nxml,retraction
./data/non_comm_use.I-N.xml/Indian_J_Dermatol/Indian_J_Dermatol_2014_May-Jun_59(3)_296.nxml,retraction
./data/non_comm_use.I-N.xml/Indian_J_Dermatol/Indian_J_Dermatol_2014_Nov-Dec_59(6)_629.nxml,retraction
./data/non_comm_use.I-N.xml/Indian_J_Dermatol/Indian_J_Dermatol_2015_Mar-Apr_60(2)_210.nxml,retraction
./data/non_comm_use.I-N.xml/Indian_J_Dermatol/Indian_J_Dermatol_2015_May-Jun_60(3)_320.nxml,retraction
./data/non_comm_use.I-N.xml/Indian_J_Med_Paediatr_Oncol/Indian_J_Med_Paediatr_Oncol_2015_Jan-Mar_36(1)_71.nxml,retraction
./data/non_comm_use.I-N.xml/Indian_J_Med_Res/Indian_J_Med_Res_2013_Dec_138(6)_1038.nxml,retraction
./data/non_comm_use.I-N.xml/Indian_J_Occup_Environ_Med/Indian_J_Occup_Environ_Med_2013_May-Aug_17(2)_40.nxml,retraction
./data/non_comm_use.I-N.xml/Indian_J_Orthop/Indian_J_Orthop_2014_Mar-Apr_48(2)_144.nxml,retraction
./data/non_comm_use.I-N.xml/Indian_J_Orthop/Indian_J_Orthop_2014_May-Jun_48(3)_246.nxml,retraction
./data/non_comm_use.I-N.xml/Indian_J_Orthop/Indian_J_Orthop_2016_Mar-Apr_50(2)_225.nxml,retraction
./data/non_comm_use.I-N.xml/Indian_J_Orthop/Indian_J_Orthop_2016_Sep_50(5)_579.nxml,retraction
./data/non_comm_use.I-N.xml/Indian_J_Plast_Surg/Indian_J_Plast_Surg_2016_May-Aug_49(2)_298.nxml,retraction
./data/non_comm_use.I-N.xml/Indian_J_Psychiatry/Indian_J_Psychiatry_2015_Oct-Dec_57(4)_439.nxml,retraction
./data/non_comm_use.I-N.xml/Indian_J_Urol/Indian_J_Urol_2013_Apr-Jun_29(2)_88.nxml,retraction
./data/non_comm_use.I-N.xml/Indian_J_Urol/Indian_J_Urol_2013_Jul-Sep_29(3)_172.nxml,retraction
./data/non_comm_use.I-N.xml/Int_J_Bacteriol/Int_J_Bacteriol_2016_Mar_3_2016_6013871.nxml,retraction
./data/non_comm_use.I-N.xml/Int_J_Biol_Sci/Int_J_Biol_Sci_2005_Dec_29_1(4)_153.nxml,retraction
./data/non_comm_use.I-N.xml/Int_J_Biomater/Int_J_Biomater_2013_Sep_9_2013_148185.nxml,retraction
./data/non_comm_use.I-N.xml/Int_J_Dent/Int_J_Dent_2013_Sep_9_2013_310726.nxml,retraction
./data/non_comm_use.I-N.xml/Int_J_Gen_Med/Int_J_Gen_Med_2016_Jun_3_9_173.nxml,retraction
./data/non_comm_use.I-N.xml/Int_J_Med_Sci/Int_J_Med_Sci_2008_Dec_30_5(6)_377.nxml,retraction
./data/non_comm_use.I-N.xml/Int_J_Med_Sci/Int_J_Med_Sci_2014_Jan_15_11(3)_246.nxml,retraction
./data/non_comm_use.I-N.xml/Int_J_Mol_Med/Int_J_Mol_Med_2016_Oct_29_38(4)_1312.nxml,retraction
./data/non_comm_use.I-N.xml/Int_J_Nanomedicine/Int_J_Nanomedicine_2012_Sep_21_7_5107.nxml,retraction
./data/non_comm_use.I-N.xml/Int_J_Prev_Med/Int_J_Prev_Med_2011_Jul-Sep_2(3)_187.nxml,retraction
./data/non_comm_use.I-N.xml/Int_J_Prev_Med/Int_J_Prev_Med_2014_Aug_5(8)_1066.nxml,retraction
./data/non_comm_use.I-N.xml/Int_J_Prev_Med/Int_J_Prev_Med_2014_Jul_5(7)_923.nxml,retraction
./data/non_comm_use.I-N.xml/Int_J_Womens_Health/Int_J_Womens_Health_2013_Jan_24_5_43.nxml,retraction
./data/non_comm_use.I-N.xml/Int_Sch_Res_Notices/Int_Sch_Res_Notices_2014_Jul_21_2014_975494.nxml,retraction
./data/non_comm_use.I-N.xml/Int_Sch_Res_Notices/Int_Sch_Res_Notices_2014_Oct_28_2014_389481.nxml,retraction
./data/non_comm_use.I-N.xml/Int_Sch_Res_Notices/Int_Sch_Res_Notices_2014_Oct_29_2014_285076.nxml,retraction
./data/non_comm_use.I-N.xml/Int_Sch_Res_Notices/Int_Sch_Res_Notices_2015_Apr_16_2015_498230.nxml,retraction
./data/non_comm_use.I-N.xml/Int_Sch_Res_Notices/Int_Sch_Res_Notices_2015_Aug_11_2015_689596.nxml,retraction
./data/non_comm_use.I-N.xml/Int_Sch_Res_Notices/Int_Sch_Res_Notices_2015_Jan_19_2015_125498.nxml,retraction
./data/non_comm_use.I-N.xml/Int_Sch_Res_Notices/Int_Sch_Res_Notices_2015_Mar_12_2015_786924.nxml,retraction
./data/non_comm_use.I-N.xml/Int_Sch_Res_Notices/Int_Sch_Res_Notices_2015_Mar_25_2015_280316.nxml,retraction
./data/non_comm_use.I-N.xml/Int_Sch_Res_Notices/Int_Sch_Res_Notices_2016_Sep_1_2016_2954587.nxml,retraction
./data/non_comm_use.I-N.xml/Interdiscip_Perspect_Infect_Dis/Interdiscip_Perspect_Infect_Dis_2016_Oct_12_2016_4801509.nxml,retraction
./data/non_comm_use.I-N.xml/Ir_J_Med_Sci/Ir_J_Med_Sci_2015_Feb_13_184_263.nxml,retraction
./data/non_comm_use.I-N.xml/Iran_J_Basic_Med_Sci/Iran_J_Basic_Med_Sci_2013_Dec_16(12)_1265b.nxml,retraction
./data/non_comm_use.I-N.xml/Iran_Red_Crescent_Med_J/Iran_Red_Crescent_Med_J_2016_Mar_3_18(3)_e43586.nxml,retraction
./data/non_comm_use.I-N.xml/ISRN_Cardiol/ISRN_Cardiol_2013_Dec_14_2013_907848.nxml,retraction
./data/non_comm_use.I-N.xml/ISRN_Mol_Biol/ISRN_Mol_Biol_2014_May_4_2014_780801.nxml,retraction
./data/non_comm_use.I-N.xml/J_Adv_Pharm_Technol_Res/J_Adv_Pharm_Technol_Res_2016_Jul-Sep_7(3)_115.nxml,retraction
./data/non_comm_use.I-N.xml/J_Allergy_(Cairo)/J_Allergy_(Cairo)_2015_Sep_7_2015_213928.nxml,retraction
./data/non_comm_use.I-N.xml/J_Anaesthesiol_Clin_Pharmacol/J_Anaesthesiol_Clin_Pharmacol_2014_Apr-Jun_30(2)_305.nxml,retraction
./data/non_comm_use.I-N.xml/J_Anaesthesiol_Clin_Pharmacol/J_Anaesthesiol_Clin_Pharmacol_2016_Jan-Mar_32(1)_133.nxml,retraction
./data/non_comm_use.I-N.xml/J_Biomed_Res/J_Biomed_Res_2014_May_28(3)_239.nxml,retraction
./data/non_comm_use.I-N.xml/J_Breast_Cancer/J_Breast_Cancer_2015_Mar_27_18(1)_101.nxml,retraction
./data/non_comm_use.I-N.xml/J_Cancer_Prev/J_Cancer_Prev_2015_Jun_20(2)_164.nxml,retraction
./data/non_comm_use.I-N.xml/J_Carcinog/J_Carcinog_2015_Feb_23_14_2.nxml,retraction
./data/non_comm_use.I-N.xml/J_Cell_Biol/J_Cell_Biol_1966_Oct_1_31(1)_195-199.nxml,retraction
./data/non_comm_use.I-N.xml/J_Cell_Biol/J_Cell_Biol_2003_Feb_17_160(4)_617.nxml,retraction
./data/non_comm_use.I-N.xml/J_Cell_Biol/J_Cell_Biol_2004_Nov_22_167(4)_783.nxml,retraction
./data/non_comm_use.I-N.xml/J_Cell_Biol/J_Cell_Biol_2004_Nov_22_167(4)_785-786.nxml,retraction
./data/non_comm_use.I-N.xml/J_Cell_Biol/J_Cell_Biol_2005_Apr_11_169(1)_205.nxml,retraction
./data/non_comm_use.I-N.xml/J_Cell_Biol/J_Cell_Biol_2007_May_7_177(3)_563.nxml,retraction
./data/non_comm_use.I-N.xml/J_Cell_Biol/J_Cell_Biol_2010_Jun_28_189(7)_1187.nxml,retraction
./data/non_comm_use.I-N.xml/J_Cell_Biol/J_Cell_Biol_2013_Feb_4_200(3)_359.nxml,retraction
./data/non_comm_use.I-N.xml/J_Cell_Biol/J_Cell_Biol_2013_Oct_28_203(2)_373.nxml,retraction
./data/non_comm_use.I-N.xml/J_Cell_Biol/J_Cell_Biol_2015_Aug_3_210(3)_519.nxml,retraction
./data/non_comm_use.I-N.xml/J_Cell_Biol/J_Cell_Biol_2015_Jan_19_208(2)_249-250.nxml,retraction
./data/non_comm_use.I-N.xml/J_Cell_Mol_Med/J_Cell_Mol_Med_2009_Sep_29_13(9b)_4085.nxml,retraction
./data/non_comm_use.I-N.xml/J_Cell_Mol_Med/J_Cell_Mol_Med_2015_Oct_28_19(10)_2512.nxml,retraction
./data/non_comm_use.I-N.xml/J_Clin_Biochem_Nutr/J_Clin_Biochem_Nutr_2010_Nov_29_47(3)_268.nxml,retraction
./data/non_comm_use.I-N.xml/J_Clin_Biochem_Nutr/J_Clin_Biochem_Nutr_2012_Sep_29_51(2)_161.nxml,retraction
./data/non_comm_use.I-N.xml/J_Clin_Biochem_Nutr/J_Clin_Biochem_Nutr_2014_May_1_54(3)_219.nxml,retraction
./data/non_comm_use.I-N.xml/J_Clin_Neonatol/J_Clin_Neonatol_2014_Oct-Dec_3(4)_241.nxml,retraction
./data/non_comm_use.I-N.xml/J_Clin_Neonatol/J_Clin_Neonatol_2014_Oct-Dec_3(4)_242.nxml,retraction
./data/non_comm_use.I-N.xml/J_Clin_Neurol/J_Clin_Neurol_2010_Jun_30_6(2)_109.nxml,retraction
./data/non_comm_use.I-N.xml/J_Clin_Neurol/J_Clin_Neurol_2012_Jun_29_8(2)_160.nxml,retraction
./data/non_comm_use.I-N.xml/J_Conserv_Dent/J_Conserv_Dent_2016_Mar-Apr_19(2)_198.nxml,retraction
./data/non_comm_use.I-N.xml/J_Diabetes_Res/J_Diabetes_Res_2014_May_18_2014_784502.nxml,retraction
./data/non_comm_use.I-N.xml/J_Diabetes_Res/J_Diabetes_Res_2015_Jan_27_2015_604986.nxml,retraction
./data/non_comm_use.I-N.xml/J_Environ_Sci_Health_B/J_Environ_Sci_Health_B_2012_Aug_1_47(7)_75919.nxml,retraction
./data/non_comm_use.I-N.xml/J_Exp_Med/J_Exp_Med_1987_Jan_1_165(1)_275.nxml,retraction
./data/non_comm_use.I-N.xml/J_Exp_Med/J_Exp_Med_1990_Sep_1_172(3)_1005.nxml,retraction
./data/non_comm_use.I-N.xml/J_Exp_Med/J_Exp_Med_1997_Jul_7_186(1)_171.nxml,retraction
./data/non_comm_use.I-N.xml/J_Exp_Med/J_Exp_Med_2003_Oct_6_198(7)_1129.nxml,retraction
./data/non_comm_use.I-N.xml/J_Exp_Med/J_Exp_Med_2006_Nov_27_203(12)_2779.nxml,retraction
./data/non_comm_use.I-N.xml/J_Exp_Med/J_Exp_Med_2009_May_11_206(5)_1207.nxml,retraction
./data/non_comm_use.I-N.xml/J_Exp_Med/J_Exp_Med_2009_Oct_26_206(11)_2573.nxml,retraction
./data/non_comm_use.I-N.xml/J_Exp_Med/J_Exp_Med_2010_Apr_12_207(4)_901.nxml,retraction
./data/non_comm_use.I-N.xml/J_Exp_Med/J_Exp_Med_2011_Nov_21_208(12)_2561.nxml,retraction
./data/non_comm_use.I-N.xml/J_Exp_Med/J_Exp_Med_2014_Aug_25_211(9)_1919.nxml,retraction
./data/non_comm_use.I-N.xml/J_Hum_Reprod_Sci/J_Hum_Reprod_Sci_2015_Jul-Sep_8(3)_186.nxml,retraction
./data/non_comm_use.I-N.xml/J_Hum_Reprod_Sci/J_Hum_Reprod_Sci_2015_Jul-Sep_8(3)_187.nxml,retraction
./data/non_comm_use.I-N.xml/J_Hum_Reprod_Sci/J_Hum_Reprod_Sci_2015_Oct-Dec_8(4)_247.nxml,retraction
./data/non_comm_use.I-N.xml/J_Immunol_Res/J_Immunol_Res_2016_Jan_21_2016_2747402.nxml,retraction
./data/non_comm_use.I-N.xml/J_Indian_Prosthodont_Soc/J_Indian_Prosthodont_Soc_2014_Dec_12_14(Suppl_1)_351.nxml,retraction
./data/non_comm_use.I-N.xml/J_Indian_Soc_Periodontol/J_Indian_Soc_Periodontol_2012_Oct-Dec_16(4)_vi.nxml,retraction
./data/non_comm_use.I-N.xml/J_Indian_Soc_Periodontol/J_Indian_Soc_Periodontol_2014_Jul-Aug_18(4)_425.nxml,retraction
./data/non_comm_use.I-N.xml/J_Indian_Soc_Periodontol/J_Indian_Soc_Periodontol_2015_Mar-Apr_19(2)_128.nxml,retraction
./data/non_comm_use.I-N.xml/J_Insect_Sci/J_Insect_Sci_2015_Jul_2_15(1)_91.nxml,retraction
./data/non_comm_use.I-N.xml/J_Int_Oral_Health/J_Int_Oral_Health_2014_Jul-Aug_6(4)_111.nxml,retraction
./data/non_comm_use.I-N.xml/J_Int_Oral_Health/J_Int_Oral_Health_2014_Sep-Oct_6(5)_136.nxml,retraction
./data/non_comm_use.I-N.xml/J_Int_Oral_Health/J_Int_Oral_Health_2016_Jul_8(7)_838.nxml,retraction
./data/non_comm_use.I-N.xml/J_Int_Oral_Health/J_Int_Oral_Health_2016_May_8(5)_650.nxml,retraction
./data/non_comm_use.I-N.xml/J_Int_Soc_Prev_Community_Dent/J_Int_Soc_Prev_Community_Dent_2015_Sep-Oct_5(5)_432.nxml,retraction
./data/non_comm_use.I-N.xml/J_Int_Soc_Prev_Community_Dent/J_Int_Soc_Prev_Community_Dent_2016_Jul-Aug_6(4)_391.nxml,retraction
./data/non_comm_use.I-N.xml/J_Korean_Med_Sci/J_Korean_Med_Sci_2006_Dec_31_21(6)_1139.nxml,retraction
./data/non_comm_use.I-N.xml/J_Korean_Med_Sci/J_Korean_Med_Sci_2016_Feb_25_31(2)_330.nxml,retraction
./data/non_comm_use.I-N.xml/J_Lab_Physicians/J_Lab_Physicians_2011_Jul-Dec_3(2)_129.nxml,retraction
./data/non_comm_use.I-N.xml/J_Lipids/J_Lipids_2014_Nov_5_2014_832729.nxml,retraction
./data/non_comm_use.I-N.xml/J_Minim_Access_Surg/J_Minim_Access_Surg_2013_Oct-Dec_9(4)_148.nxml,retraction
./data/non_comm_use.I-N.xml/J_Mov_Disord/J_Mov_Disord_2015_Sep_10_8(3)_147.nxml,retraction
./data/non_comm_use.I-N.xml/J_Nat_Sci_Biol_Med/J_Nat_Sci_Biol_Med_2016_Jul-Dec_7(2)_201.nxml,retraction
./data/non_comm_use.I-N.xml/J_Oral_Maxillofac_Pathol/J_Oral_Maxillofac_Pathol_2012_Sep-Dec_16(3)_342.nxml,retraction
./data/non_comm_use.I-N.xml/J_Oral_Maxillofac_Pathol/J_Oral_Maxillofac_Pathol_2012_Sep-Dec_16(3)_353.nxml,retraction
./data/non_comm_use.I-N.xml/J_Pathol_Transl_Med/J_Pathol_Transl_Med_2016_Jul_15_50(4)_325.nxml,retraction
./data/non_comm_use.I-N.xml/J_Pharm_Bioallied_Sci/J_Pharm_Bioallied_Sci_2015_Aug_7(Suppl_2)_S830.nxml,retraction
./data/non_comm_use.I-N.xml/J_Pharm_Bioallied_Sci/J_Pharm_Bioallied_Sci_2016_Oct_8(Suppl_1)_S192.nxml,retraction
./data/non_comm_use.I-N.xml/J_Pharmacol_Pharmacother/J_Pharmacol_Pharmacother_2013_Oct-Dec_4(4)_308.nxml,retraction
./data/non_comm_use.I-N.xml/J_Phys_Ther_Sci/J_Phys_Ther_Sci_2015_Oct_30_27(10)_r1.nxml,retraction
./data/non_comm_use.I-N.xml/J_Pregnancy/J_Pregnancy_2013_Nov_2_2013_518591.nxml,retraction
./data/non_comm_use.I-N.xml/J_Pregnancy/J_Pregnancy_2016_Oct_12_2016_6212584.nxml,retraction
./data/non_comm_use.I-N.xml/J_Reprod_Infertil/J_Reprod_Infertil_2015_Jul-Sep_16(3)_178.nxml,retraction
./data/non_comm_use.I-N.xml/J_Res_Med_Sci/J_Res_Med_Sci_2014_Mar_19(3)_286b.nxml,retraction
./data/non_comm_use.I-N.xml/J_Vet_Med_Sci/J_Vet_Med_Sci_2015_Nov_1_77(11)_r1.nxml,retraction
./data/non_comm_use.I-N.xml/J_Vet_Sci/J_Vet_Sci_2006_Sep_30_7(3)_307.nxml,retraction
./data/non_comm_use.I-N.xml/JSLS/JSLS_2015_Jan-Mar_19(1)_e2015_00010.nxml,retraction
./data/non_comm_use.I-N.xml/Jundishapur_J_Microbiol/Jundishapur_J_Microbiol_2016_Mar_3_9(3)_e43586.nxml,retraction
./data/non_comm_use.I-N.xml/Korean_Circ_J/Korean_Circ_J_2012_Jul_26_42(7)_511.nxml,retraction
./data/non_comm_use.I-N.xml/Korean_Circ_J/Korean_Circ_J_2012_May_24_42(5)_369.nxml,retraction
./data/non_comm_use.I-N.xml/Korean_Circ_J/Korean_Circ_J_2016_Jan_14_46(1)_115.nxml,retraction
./data/non_comm_use.I-N.xml/Korean_J_Lab_Med/Korean_J_Lab_Med_2011_Oct_3_31(4)_307.nxml,retraction
./data/non_comm_use.I-N.xml/Korean_J_Pediatr/Korean_J_Pediatr_2013_Jun_21_56(6)_269.nxml,retraction
./data/non_comm_use.I-N.xml/Korean_J_Physiol_Pharmacol/Korean_J_Physiol_Pharmacol_2012_Oct_18_16(5)_367.nxml,retraction
./data/non_comm_use.I-N.xml/Korean_J_Radiol/Korean_J_Radiol_2006_Jun_30_Apr-Jun_7(2)_152.nxml,retraction
./data/non_comm_use.I-N.xml/Korean_J_Radiol/Korean_J_Radiol_2007_Apr_20_Mar-Apr_8(2)_184.nxml,retraction
./data/non_comm_use.I-N.xml/Korean_J_Radiol/Korean_J_Radiol_2007_Jun_20_May-Jun_8(3)_262.nxml,retraction
./data/non_comm_use.I-N.xml/Korean_J_Urol/Korean_J_Urol_2012_Dec_20_53(12)_890.nxml,retraction
./data/non_comm_use.I-N.xml/Lab_Anim_Res/Lab_Anim_Res_2011_Jun_22_27(2)_179.nxml,retraction
./data/non_comm_use.I-N.xml/Lab_Anim_Res/Lab_Anim_Res_2016_Jun_24_32(2)_134.nxml,retraction
./data/non_comm_use.I-N.xml/Lab_Invest/Lab_Invest_2012_Dec_19_92(12)_1801.nxml,retraction
./data/non_comm_use.I-N.xml/Lung_India/Lung_India_2011_Jul-Sep_28(3)_200.nxml,retraction
./data/non_comm_use.I-N.xml/Malar_Res_Treat/Malar_Res_Treat_2014_Jul_3_2014_845487.nxml,retraction
./data/non_comm_use.I-N.xml/Mater_Sociomed/Mater_Sociomed_2016_Jun_1_28(3)_239.nxml,retraction
./data/non_comm_use.I-N.xml/mBio/mBio_2013_Nov_12_4(6)_e00923-13.nxml,retraction
./data/non_comm_use.I-N.xml/Med_Arch/Med_Arch_2016_Jun_31_70(3)_243.nxml,retraction
./data/non_comm_use.I-N.xml/Med_Hist/Med_Hist_2015_Oct_59(4)_648.nxml,retraction
./data/non_comm_use.I-N.xml/Med_Hist/Med_Hist_2015_Oct_59(4)_649.nxml,retraction
./data/non_comm_use.I-N.xml/Med_Oral_Patol_Oral_Cir_Bucal/Med_Oral_Patol_Oral_Cir_Bucal_2014_Jan_1_19(1)_e98.nxml,retraction
./data/non_comm_use.I-N.xml/Med_Sci_Monit/Med_Sci_Monit_2016_Feb_8_22_415.nxml,retraction
./data/non_comm_use.I-N.xml/Med_Sci_Monit/Med_Sci_Monit_2016_May_24_22_1751.nxml,retraction
./data/non_comm_use.I-N.xml/Medicine_(Baltimore)/Medicine_(Baltimore)_2014_Dec_2_93(29)_398.nxml,retraction
./data/non_comm_use.I-N.xml/Medicine_(Baltimore)/Medicine_(Baltimore)_2014_Dec_2_93(29)_399.nxml,retraction
./data/non_comm_use.I-N.xml/Mol_Biol_Cell/Mol_Biol_Cell_2010_Mar_1_21(5)_842.nxml,retraction
./data/non_comm_use.I-N.xml/Mol_Biol_Cell/Mol_Biol_Cell_2013_Apr_15_24(8)_1251.nxml,retraction
./data/non_comm_use.I-N.xml/Mol_Biol_Cell/Mol_Biol_Cell_2016_Aug_1_27(15)_2517.nxml,retraction
./data/non_comm_use.I-N.xml/Mol_Cancer/Mol_Cancer_2003_Feb_3_2_17.nxml,retraction
./data/non_comm_use.I-N.xml/Mol_Cancer/Mol_Cancer_2004_Jan_14_3_1.nxml,retraction
./data/non_comm_use.I-N.xml/Mol_Cancer/Mol_Cancer_2004_Jan_14_3_2.nxml,retraction
./data/non_comm_use.I-N.xml/Mol_Med_Rep/Mol_Med_Rep_2016_Jun_14_13(6)_4939.nxml,retraction
./data/non_comm_use.I-N.xml/Mol_Med_Rep/Mol_Med_Rep_2016_Oct_7_14(4)_4008.nxml,retraction
./data/non_comm_use.I-N.xml/Motiv_Emot/Motiv_Emot_2012_Dec_25_36_180.nxml,retraction
./data/non_comm_use.I-N.xml/Mult_Scler_Int/Mult_Scler_Int_2016_Jul_25_2016_8304273.nxml,retraction
./data/non_comm_use.I-N.xml/Nat_Commun/Nat_Commun_2015_Jul_29_6_8124.nxml,retraction
./data/non_comm_use.I-N.xml/Natl_J_Maxillofac_Surg/Natl_J_Maxillofac_Surg_2014_Jul-Dec_5(2)_254.nxml,retraction
./data/non_comm_use.I-N.xml/Naunyn_Schmiedebergs_Arch_Pharmacol/Naunyn_Schmiedebergs_Arch_Pharmacol_2009_May_8_380_97.nxml,retraction
./data/non_comm_use.I-N.xml/Neurochem_Res/Neurochem_Res_2009_May_28_34(8)_1522.nxml,retraction
./data/non_comm_use.I-N.xml/Neurol_Res_Int/Neurol_Res_Int_2014_Jul_24_2014_673464.nxml,retraction
./data/non_comm_use.I-N.xml/Neuropsychiatr_Dis_Treat/Neuropsychiatr_Dis_Treat_2015_Apr_1_11_895.nxml,retraction
./data/non_comm_use.I-N.xml/Neuropsychiatr_Dis_Treat/Neuropsychiatr_Dis_Treat_2016_Oct_31_12_2797.nxml,retraction
./data/non_comm_use.I-N.xml/Neuroscience/Neuroscience_2015_Jul_9_298_475.nxml,retraction
./data/non_comm_use.I-N.xml/Niger_Med_J/Niger_Med_J_2015_Jul-Aug_56(4)_303.nxml,retraction
./data/non_comm_use.I-N.xml/Nucl_Med_Mol_Imaging/Nucl_Med_Mol_Imaging_2014_Jun_15_48(2)_171.nxml,retraction
./data/non_comm_use.I-N.xml/Nucleic_Acids_Res/Nucleic_Acids_Res_2006_May_2_34(8)_2153.nxml,retraction
./data/non_comm_use.I-N.xml/Nucleic_Acids_Res/Nucleic_Acids_Res_2007_Jan_18_35(2)_701.nxml,retraction
./data/non_comm_use.I-N.xml/Nucleic_Acids_Res/Nucleic_Acids_Res_2009_Aug_16_37(15)_5234.nxml,retraction
./data/non_comm_use.I-N.xml/Nucleic_Acids_Res/Nucleic_Acids_Res_2009_Jun_19_37(10)_3474.nxml,retraction
./data/non_comm_use.I-N.xml/Nucleic_Acids_Res/Nucleic_Acids_Res_2012_Dec_21_40(22)_e177.nxml,retraction
./data/non_comm_use.I-N.xml/Nucleic_Acids_Res/Nucleic_Acids_Res_2013_Oct_1_41(19)_9208.nxml,retraction
./data/non_comm_use.O-Z.xml/Obstet_Gynecol_Sci/Obstet_Gynecol_Sci_2014_Sep_17_57(5)_425.nxml,retraction
./data/non_comm_use.O-Z.xml/Onco_Targets_Ther/Onco_Targets_Ther_2016_Feb_4_9_613.nxml,retraction
./data/non_comm_use.O-Z.xml/Onco_Targets_Ther/Onco_Targets_Ther_2016_Feb_4_9_615.nxml,retraction
./data/non_comm_use.O-Z.xml/Onco_Targets_Ther/Onco_Targets_Ther_2016_Jul_15_9_4255.nxml,retraction
./data/non_comm_use.O-Z.xml/Onco_Targets_Ther/Onco_Targets_Ther_2016_May_5_9_2625.nxml,retraction
./data/non_comm_use.O-Z.xml/Onco_Targets_Ther/Onco_Targets_Ther_2016_Oct_19_9_6379.nxml,retraction
./data/non_comm_use.O-Z.xml/Onco_Targets_Ther/Onco_Targets_Ther_2016_Oct_20_9_6377.nxml,retraction
./data/non_comm_use.O-Z.xml/Onco_Targets_Ther/Onco_Targets_Ther_2016_Sep_20_9_5699.nxml,retraction
./data/non_comm_use.O-Z.xml/Oncol_Rev/Oncol_Rev_2014_Jun_5_8(1)_255.nxml,retraction
./data/non_comm_use.O-Z.xml/Open_Biomed_Eng_J/Open_Biomed_Eng_J_2016_Mar_15_10_1.nxml,retraction
./data/non_comm_use.O-Z.xml/Open_J_Cardiovasc_Surg/Open_J_Cardiovasc_Surg_2014_Oct_1_7_5.nxml,retraction
./data/non_comm_use.O-Z.xml/Orthop_Rev_(Pavia)/Orthop_Rev_(Pavia)_2013_Sep_24_5(3)_e28.nxml,retraction
./data/non_comm_use.O-Z.xml/Pain_Res_Treat/Pain_Res_Treat_2015_Nov_24_2015_350798.nxml,retraction
./data/non_comm_use.O-Z.xml/Pan_Afr_Med_J/Pan_Afr_Med_J_2014_Feb_10_17_103.nxml,retraction
./data/non_comm_use.O-Z.xml/Pan_Afr_Med_J/Pan_Afr_Med_J_2014_Feb_12_17_104.nxml,retraction
./data/non_comm_use.O-Z.xml/Pancreas/Pancreas_2016_Jan_13_45(1)_160.nxml,retraction
./data/non_comm_use.O-Z.xml/Patholog_Res_Int/Patholog_Res_Int_2016_Jun_28_2016_9267585.nxml,retraction
./data/non_comm_use.O-Z.xml/Pharm_Pract_(Granada)/Pharm_Pract_(Granada)_2012_Mar_31_Jan-Mar_10(1)_1-2.nxml,retraction
./data/non_comm_use.O-Z.xml/PLoS_Comput_Biol/PLoS_Comput_Biol_2012_Aug_7_8(8)_10_1371_annotation_7bc3a37e-db82-4813-8242-7d34877125c5.nxml,retraction
./data/non_comm_use.O-Z.xml/PLoS_Med/PLoS_Med_2012_Jun_29_9(6)_10_1371_annotation_4c5252d3-2fd5-4ff2-b3d9-ed197690f877.nxml,retraction
./data/non_comm_use.O-Z.xml/PLoS_ONE/PLoS_One_2010_Mar_3_5(3)_10_1371_annotation_36ac4b2c-cf27-41d9-90e2-e5d58d307896.nxml,retraction
./data/non_comm_use.O-Z.xml/PLoS_ONE/PLoS_One_2011_Feb_3_6(2)_10_1371_annotation_6df4032b-49ed-4e74-a960-37a107827dd5.nxml,retraction
./data/non_comm_use.O-Z.xml/PLoS_ONE/PLoS_One_2011_Feb_9_6(2)_10_1371_annotation_34c1603f-14a5-4b47-871c-324de18f158a.nxml,retraction
./data/non_comm_use.O-Z.xml/PLoS_ONE/PLoS_One_2011_Sep_2_6(9)_10_1371_annotation_8f94e479-4161-43a0-a28c-4c0460bb89a4.nxml,retraction
./data/non_comm_use.O-Z.xml/PLoS_ONE/PLoS_One_2012_Apr_16_7(4)_10_1371_annotation_0b18c274-2427-482d-add4-aa20001c0e98.nxml,retraction
./data/non_comm_use.O-Z.xml/PLoS_ONE/PLoS_One_2012_Aug_29_7(8)_10_1371_annotation_d28d38b2-41a3-42a6-b421-68f9460a676d.nxml,retraction
./data/non_comm_use.O-Z.xml/PLoS_ONE/PLoS_One_2012_Jul_26_7(7)_10_1371_annotation_4f75f09f-a8f0-4cae-b75f-30498d6b44d4.nxml,retraction
./data/non_comm_use.O-Z.xml/PLoS_ONE/PLoS_One_2012_Jun_29_7(6)_10_1371_annotation_3155a3e9-5fbe-435c-a07a-e9a4846ec0b6.nxml,retraction
./data/non_comm_use.O-Z.xml/PLoS_ONE/PLoS_One_2012_Jun_29_7(6)_10_1371_annotation_3ca44f3b-db28-4d64-88e4-1a536aa95174.nxml,retraction
./data/non_comm_use.O-Z.xml/PLoS_ONE/PLoS_One_2012_Nov_5_7(11)_10_1371_annotation_81e8574c-71c3-4a76-b1aa-e3c7b058af69.nxml,retraction
./data/non_comm_use.O-Z.xml/PLoS_ONE/PLoS_One_2012_Oct_1_7(10)_10_1371_annotation_d3fa7bf5-5044-4e03-bbef-0d82382172d2.nxml,retraction
./data/non_comm_use.O-Z.xml/PLoS_ONE/PLoS_One_2012_Oct_22_7(10)_10_1371_annotation_6f4d2406-f4f8-4771-a5f7-a781e5312f3f.nxml,retraction
./data/non_comm_use.O-Z.xml/PLoS_ONE/PLoS_One_2012_Oct_31_7(10)_10_1371_annotation_1a7d5b6c-fde5-4d60-a6df-0e98f754c376.nxml,retraction
./data/non_comm_use.O-Z.xml/PLoS_ONE/PLoS_One_2012_Oct_8_7(10)_10_1371_annotation_9b33ec1f-9579-41c0-bede-3a38ee6af21c.nxml,retraction
./data/non_comm_use.O-Z.xml/PLoS_ONE/PLoS_One_2012_Oct_9_7(10)_10_1371_annotation_d78ba1b7-79d3-44f0-b632-224fb9149a23.nxml,retraction
./data/non_comm_use.O-Z.xml/PLoS_ONE/PLoS_One_2012_Sep_7_7(9)_10_1371_annotation_9081d3ad-e74f-47f1-a722-cf02048a14c5.nxml,retraction
./data/non_comm_use.O-Z.xml/PLoS_ONE/PLoS_One_2013_Apr_24_8(4)_10_1371_annotation_8f2ddf91-3499-4627-9a91-449b78465f9d.nxml,retraction
./data/non_comm_use.O-Z.xml/PLoS_ONE/PLoS_One_2013_Aug_12_8(8)_10_1371_annotation_6adbe6d0-19e7-4b1c-a300-e3535c35ce71.nxml,retraction
./data/non_comm_use.O-Z.xml/PLoS_ONE/PLoS_One_2013_Jan_7_8(1)_10_1371_annotation_f03f7456-0e04-4c4b-a606-51f262900e8d.nxml,retraction
./data/non_comm_use.O-Z.xml/PLoS_ONE/PLoS_One_2013_Jun_17_8(6)_10_1371_annotation_f9aef9a9-5488-4492-8b8c-1cdded2e3d79.nxml,retraction
./data/non_comm_use.O-Z.xml/PLoS_ONE/PLoS_One_2013_May_10_8(5)_10_1371_annotation_1345f9b0-016e-4123-9e72-6ccc4fa17ba2.nxml,retraction
./data/non_comm_use.O-Z.xml/PLoS_ONE/PLoS_One_2013_May_13_8(5)_10_1371_annotation_255a6a86-fee6-4663-a23f-36e392e87656.nxml,retraction
./data/non_comm_use.O-Z.xml/PLoS_ONE/PLoS_One_2013_May_20_8(5)_10_1371_annotation_aaef10de-ee36-416f-93eb-959dfa3dc92e.nxml,retraction
./data/non_comm_use.O-Z.xml/PLoS_ONE/PLoS_One_2013_Sep_5_8(9)_10_1371_annotation_049f74d0-919f-483c-a488-4740ec0a5f4d.nxml,retraction
./data/non_comm_use.O-Z.xml/PLoS_ONE/PLoS_One_2013_Sep_9_8(9)_10_1371_annotation_880a72e1-9cf3-45a9-bf1c-c74ccb73fd35.nxml,retraction
./data/non_comm_use.O-Z.xml/PLoS_Pathog/PLoS_Pathog_2010_Dec_3_6(12)_10_1371_annotation_1730f52d-2ba9-4f08-b330-47d71b31ae4a.nxml,retraction
./data/non_comm_use.O-Z.xml/PLoS_Pathog/PLoS_Pathog_2010_Mar_16_6(3)_10_1371_annotation_26144e46-0873-48d9-890f-7ae3136a79d4.nxml,retraction
./data/non_comm_use.O-Z.xml/PLoS_Pathog/PLoS_Pathog_2012_Sep_18_8(9)_10_1371_annotation_7e2efc01-2e9b-4e9b-aef0-87ab0e4e4732.nxml,retraction
./data/non_comm_use.O-Z.xml/Postgrad_Med_J/Postgrad_Med_J_2012_Jun_88(1040)_362.nxml,retraction
./data/non_comm_use.O-Z.xml/PPAR_Res/PPAR_Res_2015_Feb_2_2015_982750.nxml,retraction
./data/non_comm_use.O-Z.xml/Pulm_Med/Pulm_Med_2014_Jun_5_2014_426964.nxml,retraction
./data/non_comm_use.O-Z.xml/Rehabil_Res_Pract/Rehabil_Res_Pract_2014_May_21_2014_130543.nxml,retraction
./data/non_comm_use.O-Z.xml/Saudi_J_Anaesth/Saudi_J_Anaesth_2012_Jan-Mar_6(1)_7.nxml,retraction
./data/non_comm_use.O-Z.xml/Saudi_J_Anaesth/Saudi_J_Anaesth_2015_Apr-Jun_9(2)_236.nxml,retraction
./data/non_comm_use.O-Z.xml/Sci_Rep/Sci_Rep_2012_Nov_9_2_839.nxml,retraction
./data/non_comm_use.O-Z.xml/Sci_Rep/Sci_Rep_2015_Jan_16_4_7627.nxml,retraction
./data/non_comm_use.O-Z.xml/Sci_Rep/Sci_Rep_2015_Jan_16_5_7602.nxml,retraction
./data/non_comm_use.O-Z.xml/ScientificWorldJournal/ScientificWorldJournal_2013_Nov_18_2013_235198.nxml,retraction
./data/non_comm_use.O-Z.xml/ScientificWorldJournal/ScientificWorldJournal_2014_Apr_8_2014_806752.nxml,retraction
./data/non_comm_use.O-Z.xml/ScientificWorldJournal/ScientificWorldJournal_2015_Dec_17_2015_329682.nxml,retraction
./data/non_comm_use.O-Z.xml/ScientificWorldJournal/ScientificWorldJournal_2015_Jan_20_2015_419636.nxml,retraction
./data/non_comm_use.O-Z.xml/ScientificWorldJournal/ScientificWorldJournal_2015_Mar_12_2015_352867.nxml,retraction
./data/non_comm_use.O-Z.xml/ScientificWorldJournal/ScientificWorldJournal_2016_Apr_21_2016_1520847.nxml,retraction
./data/non_comm_use.O-Z.xml/ScientificWorldJournal/ScientificWorldJournal_2016_Apr_21_2016_4835617.nxml,retraction
./data/non_comm_use.O-Z.xml/ScientificWorldJournal/ScientificWorldJournal_2016_Apr_21_2016_4953678.nxml,retraction
./data/non_comm_use.O-Z.xml/ScientificWorldJournal/ScientificWorldJournal_2016_Apr_21_2016_6902846.nxml,retraction
./data/non_comm_use.O-Z.xml/ScientificWorldJournal/ScientificWorldJournal_2016_Apr_21_2016_7137054.nxml,retraction
./data/non_comm_use.O-Z.xml/ScientificWorldJournal/ScientificWorldJournal_2016_Aug_18_2016_6736029.nxml,retraction
./data/non_comm_use.O-Z.xml/ScientificWorldJournal/ScientificWorldJournal_2016_Jul_25_2016_8469373.nxml,retraction
./data/non_comm_use.O-Z.xml/ScientificWorldJournal/ScientificWorldJournal_2016_Mar_24_2016_5803036.nxml,retraction
./data/non_comm_use.O-Z.xml/ScientificWorldJournal/ScientificWorldJournal_2016_Mar_24_2016_5960614.nxml,retraction
./data/non_comm_use.O-Z.xml/ScientificWorldJournal/ScientificWorldJournal_2016_Sep_1_2016_2584053.nxml,retraction
./data/non_comm_use.O-Z.xml/Small_GTPases/Small_GTPases_2013_Apr_1_4(2)_61.nxml,retraction
./data/non_comm_use.O-Z.xml/Stroke_Res_Treat/Stroke_Res_Treat_2016_Feb_1_2016_2308436.nxml,retraction
./data/non_comm_use.O-Z.xml/Surg_Neurol_Int/Surg_Neurol_Int_2016_Apr_14_7_42.nxml,retraction
./data/non_comm_use.O-Z.xml/Ther_Clin_Risk_Manag/Ther_Clin_Risk_Manag_2015_Sep_28_11_1457.nxml,retraction
./data/non_comm_use.O-Z.xml/Trop_Parasitol/Trop_Parasitol_2014_Jan-Jun_4(1)_69.nxml,retraction
./data/non_comm_use.O-Z.xml/Trop_Parasitol/Trop_Parasitol_2014_Jan-Jun_4(1)_70.nxml,retraction
./data/non_comm_use.O-Z.xml/World_J_Nucl_Med/World_J_Nucl_Med_2016_Jan-Apr_15(1)_76.nxml,retraction
./data/non_comm_use.O-Z.xml/World_J_Nucl_Med/World_J_Nucl_Med_2016_Jan-Apr_15(1)_77.nxml,retraction
./data/non_comm_use.O-Z.xml/World_J_Nucl_Med/World_J_Nucl_Med_2016_Jan-Apr_15(1)_78.nxml,retraction
./data/non_comm_use.O-Z.xml/Yale_J_Biol_Med/Yale_J_Biol_Med_2012_Apr_4_85(2)_163.nxml,retraction
./data/non_comm_use.O-Z.xml/Yonsei_Med_J/Yonsei_Med_J_2006_Apr_30_47(2)_291.nxml,retraction
./data/non_comm_use.O-Z.xml/Yonsei_Med_J/Yonsei_Med_J_2007_Dec_31_48(6)_1082.nxml,retraction
./data/non_comm_use.O-Z.xml/Yonsei_Med_J/Yonsei_Med_J_2008_Dec_31_49(6)_1060.nxml,retraction
./data/non_comm_use.O-Z.xml/Yonsei_Med_J/Yonsei_Med_J_2011_May_1_52(3)_551.nxml,retraction
./data/non_comm_use.O-Z.xml/Yonsei_Med_J/Yonsei_Med_J_2013_Jan_1_54(1)_269.nxml,retraction
./data/non_comm_use.O-Z.xml/Yonsei_Med_J/Yonsei_Med_J_2016_Jan_1_57(1)_274.nxml,retraction
